{
  "full_dataset_metrics": {
    "precision": 0.16363636363636364,
    "recall": 0.17307692307692307,
    "f1": 0.16822429906542055,
    "balanced_accuracy": 0.5550962195699037,
    "roc_auc": 0.5895683264104317,
    "pr_auc": 0.11605500687043518,
    "confusion_matrix": {
      "tn": 1371,
      "fp": 92,
      "fn": 86,
      "tp": 18
    },
    "defect_capture_top_5pct": 0.1346153846153846,
    "defect_capture_top_10pct": 0.19230769230769232,
    "defect_capture_top_20pct": 0.3076923076923077
  },
  "test_dataset_metrics": {
    "precision": 0.25,
    "recall": 0.2692307692307692,
    "f1": 0.25925925925925924,
    "balanced_accuracy": 0.6059268600252207,
    "roc_auc": 0.6274695250105086,
    "pr_auc": 0.17588650243478396,
    "confusion_matrix": {
      "tn": 345,
      "fp": 21,
      "fn": 19,
      "tp": 7
    },
    "defect_capture_top_5pct": 0.23076923076923078,
    "defect_capture_top_10pct": 0.3076923076923077,
    "defect_capture_top_20pct": 0.38461538461538464
  },
  "model_threshold": -0.4231531519857053,
  "dropped_high_null_columns": [
    "sensor_591",
    "sensor_158",
    "sensor_159",
    "sensor_294",
    "sensor_293",
    "sensor_359",
    "sensor_221",
    "sensor_493",
    "sensor_086",
    "sensor_245",
    "sensor_385",
    "sensor_110",
    "sensor_517",
    "sensor_518",
    "sensor_519",
    "sensor_111",
    "sensor_112",
    "sensor_383",
    "sensor_246",
    "sensor_247",
    "sensor_384",
    "sensor_582",
    "sensor_580",
    "sensor_581",
    "sensor_579",
    "sensor_074",
    "sensor_073",
    "sensor_346",
    "sensor_347"
  ],
  "dropped_constant_columns": [
    "sensor_006",
    "sensor_014",
    "sensor_043",
    "sensor_050",
    "sensor_053",
    "sensor_070",
    "sensor_075",
    "sensor_098",
    "sensor_142",
    "sensor_150",
    "sensor_179",
    "sensor_180",
    "sensor_187",
    "sensor_190",
    "sensor_191",
    "sensor_192",
    "sensor_193",
    "sensor_194",
    "sensor_195",
    "sensor_207",
    "sensor_210",
    "sensor_227",
    "sensor_230",
    "sensor_231",
    "sensor_232",
    "sensor_233",
    "sensor_234",
    "sensor_235",
    "sensor_236",
    "sensor_237",
    "sensor_238",
    "sensor_241",
    "sensor_242",
    "sensor_243",
    "sensor_244",
    "sensor_257",
    "sensor_258",
    "sensor_259",
    "sensor_260",
    "sensor_261",
    "sensor_262",
    "sensor_263",
    "sensor_264",
    "sensor_265",
    "sensor_266",
    "sensor_267",
    "sensor_277",
    "sensor_285",
    "sensor_314",
    "sensor_315",
    "sensor_316",
    "sensor_323",
    "sensor_326",
    "sensor_327",
    "sensor_328",
    "sensor_329",
    "sensor_330",
    "sensor_331",
    "sensor_343",
    "sensor_348",
    "sensor_365",
    "sensor_370",
    "sensor_371",
    "sensor_372",
    "sensor_373",
    "sensor_374",
    "sensor_375",
    "sensor_376",
    "sensor_379",
    "sensor_380",
    "sensor_381",
    "sensor_382",
    "sensor_395",
    "sensor_396",
    "sensor_397",
    "sensor_398",
    "sensor_399",
    "sensor_400",
    "sensor_401",
    "sensor_402",
    "sensor_403",
    "sensor_404",
    "sensor_405",
    "sensor_415",
    "sensor_423",
    "sensor_450",
    "sensor_451",
    "sensor_452",
    "sensor_459",
    "sensor_462",
    "sensor_463",
    "sensor_464",
    "sensor_465",
    "sensor_466",
    "sensor_467",
    "sensor_479",
    "sensor_482",
    "sensor_499",
    "sensor_502",
    "sensor_503",
    "sensor_504",
    "sensor_505",
    "sensor_506",
    "sensor_507",
    "sensor_508",
    "sensor_509",
    "sensor_510",
    "sensor_513",
    "sensor_514",
    "sensor_515",
    "sensor_516",
    "sensor_529",
    "sensor_530",
    "sensor_531",
    "sensor_532",
    "sensor_533",
    "sensor_534",
    "sensor_535",
    "sensor_536",
    "sensor_537",
    "sensor_538",
    "sensor_539"
  ],
  "feature_count_after_cleaning": 440
}