sensor,importance
sensor_296,0.014571627739060731
sensor_027,0.012229331475533612
sensor_299,0.011915842555360778
sensor_161,0.011459834368723144
sensor_165,0.011171243656039501
sensor_301,0.010673361335986098
sensor_300,0.010570461410054837
sensor_040,0.010570207897820654
sensor_028,0.009681744080886586
sensor_295,0.00966491944332902
