sensor,normal_median,anomaly_median,robust_shift
sensor_512,0.0,148.1594,148159400.0
sensor_028,7.2662,7.05275,2.547136038186191
sensor_027,1.987,1.94625,2.0375000000000014
sensor_433,56.3919,117.86825,1.8313810946637155
sensor_026,1.2837,1.2464,1.534979423868318
sensor_340,9.5106,7.8652,1.480475076480116
sensor_060,0.8073,4.84685,1.4223767605633801
sensor_441,12.2873,6.57335,1.3476297169811322
sensor_305,0.1392,0.0784,1.3188720173535793
sensor_170,0.417,0.2355,1.2781690140845074
