run_ts,dataset_rows,feature_count_after_cleaning,fails,passes,threshold,precision,recall,f1,balanced_accuracy,roc_auc,pr_auc
2026-04-06 00:51:52.405881+00:00,1567,440,104,1463,-0.4231531519857053,0.16363636363636364,0.17307692307692307,0.16822429906542055,0.5550962195699037,0.5895683264104317,0.11605500687043518
